{
  "project_info": {
    "project_number": "110057811265",
    "firebase_url": "https://djapp-f84dc-default-rtdb.firebaseio.com",
    "project_id": "djapp-f84dc",
    "storage_bucket": "djapp-f84dc.appspot.com"
  },
  "client": [
    {
      "client_info": {
        "mobilesdk_app_id": "1:110057811265:android:c492cd1740c2e69819c5c0",
        "android_client_info": {
          "package_name": "com.example.djapp"
        }
      },
      "oauth_client": [
        {
          "client_id": "110057811265-4li2cjke7lr92916lc7shhusik2n87sg.apps.googleusercontent.com",
          "client_type": 3
        }
      ],
      "api_key": [
        {
          "current_key": "AIzaSyB8tYzdnG8dFC8tmNKKqflMCpUbaovWNvU"
        }
      ],
      "services": {
        "appinvite_service": {
          "other_platform_oauth_client": [
            {
              "client_id": "110057811265-4li2cjke7lr92916lc7shhusik2n87sg.apps.googleusercontent.com",
              "client_type": 3
            }
          ]
        }
      }
    },
    {
      "client_info": {
        "mobilesdk_app_id": "1:110057811265:android:650c28c46bac5eba19c5c0",
        "android_client_info": {
          "package_name": "com.example.myapplication"
        }
      },
      "oauth_client": [
        {
          "client_id": "110057811265-4li2cjke7lr92916lc7shhusik2n87sg.apps.googleusercontent.com",
          "client_type": 3
        }
      ],
      "api_key": [
        {
          "current_key": "AIzaSyB8tYzdnG8dFC8tmNKKqflMCpUbaovWNvU"
        }
      ],
      "services": {
        "appinvite_service": {
          "other_platform_oauth_client": [
            {
              "client_id": "110057811265-4li2cjke7lr92916lc7shhusik2n87sg.apps.googleusercontent.com",
              "client_type": 3
            }
          ]
        }
      }
    },
    {
      "client_info": {
        "mobilesdk_app_id": "1:110057811265:android:1cdb39b72cee571c19c5c0",
        "android_client_info": {
          "package_name": "com.example.recycleview"
        }
      },
      "oauth_client": [
        {
          "client_id": "110057811265-4li2cjke7lr92916lc7shhusik2n87sg.apps.googleusercontent.com",
          "client_type": 3
        }
      ],
      "api_key": [
        {
          "current_key": "AIzaSyB8tYzdnG8dFC8tmNKKqflMCpUbaovWNvU"
        }
      ],
      "services": {
        "appinvite_service": {
          "other_platform_oauth_client": [
            {
              "client_id": "110057811265-4li2cjke7lr92916lc7shhusik2n87sg.apps.googleusercontent.com",
              "client_type": 3
            }
          ]
        }
      }
    }
  ],
  "configuration_version": "1"
}